Video ID,User ID,Comment
smQNNo2a9xc,UCRhkbGiqgv5zCMRxEgqMuLg,How dare he insult me!?
smQNNo2a9xc,UCPku8QF3YL-QkfiM4dY-RQw,i think the guy is just legitimately autistic or something and meant to wave in a weird way. definitely the worst possible way to do it
smQNNo2a9xc,UClwrjjaPljMvGMBVAsmfJuw,I see nothing wrong
smQNNo2a9xc,UCbf_i1Wm64npQDvMOlWffDw,The reglme this is it.
smQNNo2a9xc,UCOHEMOYwtycqRGD4KsiMLgA,People acting like they would rather Kamala Harris than this ü§£ü§£ Stay on earth complaining  while we explore space üòÇ
smQNNo2a9xc,UCOUStEAOrL5K4xfxcMgX9hA,that&#39;s such an awkward movement he makes
smQNNo2a9xc,UClW2CWnTZFZlyEPGyCDsFgg,"Welp, we all knew it.  They can&#39;t help but tell on themselves."
smQNNo2a9xc,UCXUfOFjxOXZ_0vpAeRKU67Q,America is doomed
smQNNo2a9xc,UCgD_E7Ytvh_8GxzrFGFMtMg,Meanwhile the Anti Defamation League defends him...
smQNNo2a9xc,UCu8Nyk_6JyYKtpCZRJrSMag,"Hello, Mr. Elon Musk, I&#39;m not a fan of Pach Khari, but if the sanctions on Iran are lifted, you will help the people of Iran and I love you."
smQNNo2a9xc,UCicKv-6X4mdmU1TT0873eRw,Billionaires shouldn&#39;t exist
smQNNo2a9xc,UC1eAbBPcAnX4E9GvtqTWRRw,W elon
smQNNo2a9xc,UCVvWZ-JXVHcrGivzW-X633g,Now show the other side doing it
smQNNo2a9xc,UC1XTi9dQEupZgrMElXIkVUg,wolfenstein in real life
smQNNo2a9xc,UChHupKHAEJeBv98yrVtslrQ,Lierrrrere tangna mo
smQNNo2a9xc,UCesvcJMzvuL9RH1xvOEDphQ,This is not what our veterans fought for....
smQNNo2a9xc,UCqYEqEUJFZuHmoMauy1F99w,Hail Elon FUHRER!
smQNNo2a9xc,UCGiji8uqsleZLqkFSnU5Eeg,He&#39;s throwing his heart out to the people and if it was a Salute his arm would have been stiffer
smQNNo2a9xc,UCH42cOBb_oAmboL9JStQ1tw,"&quot;Elon, the script told you to make a heart with your hands.&quot;"
smQNNo2a9xc,UCV3VjSbgK-17vjp3078dfmg,"&quot;Remember, do the American salute, ok? Elon? The AMERICAN one.&quot;"
smQNNo2a9xc,UCyFF7xP4Ct7y4TZlU531PZA,The sun will rise again
smQNNo2a9xc,UCzu4kmxdWYgHbezPWiISyPw,FREE PALESTINE is all I got to say
smQNNo2a9xc,UCSyuSdEkzI97uxKcKqESy7Q,WHAT ARE WE TALKING ABOUT
smQNNo2a9xc,UCQ_EbgViGAPKWLgO1jyHeyg,The Guardian are wankerdroids
smQNNo2a9xc,UC_3E7y238KsefW-Vjvitqgg,Lol at the sound he makes when heiling
smQNNo2a9xc,UC2_GZSz-QbVWm4Hu0R5WPAw,He has Asperger‚Äôs Disease. He does things a little differently which makes him come off as socially awkward. <br><br>His hand gesture was meant to add a greater impact to what he said which was ‚ÄúMy heart goes out to you.‚Äù Let‚Äôs break it down. He put his hand on his chest where his heart is to signalize ‚ÄúMy heart‚Äù. Then he extended his arm outward towards the audience to signalize ‚Äúgoes out to you‚Äù. Act out those two simple gestures as quick consecutive motions and voila - inadvertently looks very much like a racist gesture. <br><br>People on the left love to accuse the people on the right of racism and bigotry when in actuality it‚Äôs the dems are the biggest bigots and racists. They love to hate.
smQNNo2a9xc,UCnPpz5ZVgfAQo71hSlAFrNg,The question is why?
smQNNo2a9xc,UClEohbAFPEXn4Si7j8NuYHg,Literally just giving his heart out to the people.<br>Waltz did the exact same thing and yet no one bats an eye
smQNNo2a9xc,UCCSx9Dv_6b7X0xBHnIw7f8g,üôã
smQNNo2a9xc,UCa16At0fikirI64Uw-kcZXw,We got Elon Musk&#39;s salute before GTA VI even came out
smQNNo2a9xc,UCwzsq8lGDMOzYcE7Mzgy1CQ,My favourite genius African American
smQNNo2a9xc,UCaWVelhnoP9Cwpvwd6JIzGQ,The salt is great. Love the pearl clutching over nothing
smQNNo2a9xc,UCNtdbDazYBcQFsk6d6VRyew,Ummm..Elon??? Yea....ummm...
smQNNo2a9xc,UCpTLgX9yZ7njenYqQR9FXPQ,Thats like me flipping someone off and saying &quot; you are number one!&quot;
smQNNo2a9xc,UCIN8ae2U2wIhHLBYInjfAVA,"&quot;My heart goes out to you&quot;<br>Right hand onto chest (where the heart is located) into a wave gesture.<br><br>Don&#39;t forget, mental health is a worthwhile endeavor, if you&#39;re seeing things, get help."
smQNNo2a9xc,UC1xxIbl-KvpqTxKIzLM7maA,Nein
smQNNo2a9xc,UCzruX8EmdvkVH3FHhhQpR6A,Hes a funny guy who likes to troll lol I&#39;m not surprised üòÇ
smQNNo2a9xc,UCWkezJ6em6n9S-4x9Qs1asQ,i cant believe we made it this far
smQNNo2a9xc,UCABma64_PCILjnReFAkTQjA,Put this guy in his own made rocket ship and send him out to the abyss
smQNNo2a9xc,UCBybaXW5YiyuKwXnsRuAnEQ,–ö–∞–∫ –∂–µ –ø–ª–æ—Ç–Ω–æ))
smQNNo2a9xc,UCfCQyzeYMmc9PxGXQMKJktQ,He said &quot;my heart goes out to all of you&quot;
smQNNo2a9xc,UC37BnHl446AleWqgFhCgrzA,"A hearing person who is on the spectrum‚Äô interpretation of the ASL sign, My heart to you, for everyone there, not just President Trump.<br><br>People who do not sign every day simply mess it up like any second language.<br><br>No one knows who he was signing to, there could have been specific deaf people in the audience or watching by TV that it was for.<br>He was obviously excited and very happy for his friend, Donald Trump who was elected to be the president."
smQNNo2a9xc,UCdVT0xKKo_lIPPCN8sjRScw,Elon von Braun
smQNNo2a9xc,UCaWVelhnoP9Cwpvwd6JIzGQ,Literal delusion in the comments hahahahaha
smQNNo2a9xc,UCaWVelhnoP9Cwpvwd6JIzGQ,This is so funny watching people cry about this
smQNNo2a9xc,UCwcBTAbpF3O9WpnBS4I4sLw,Mr. Muskolini shows true color?
smQNNo2a9xc,UCiM4QEoMgMYv8e6GFi-kaNw,Cancel Elon Musk. Stop buying his products or doing business with anything he is involved with!
smQNNo2a9xc,UCZJu6Ks9Y-m_ryABBoiLrxw,So many people blindly believing he does &quot;the salute&quot; is genuinely more terrifying then Elon throwing his heart at the audience...
smQNNo2a9xc,UCZJu6Ks9Y-m_ryABBoiLrxw,"He literally says &quot;my heart goes out to you&quot;, he&#39;s just reaching for the audience..<br>People read way too much into this"
smQNNo2a9xc,UCVVu2zd92FsJDbxmpfCDbOQ,"All the people i know that voted for him, dont care about this stuff. And im gonna get off here and never read your comments, so be mad.  But its the truth, no one cares"
smQNNo2a9xc,UCVVu2zd92FsJDbxmpfCDbOQ,"Thats why trump is in the white house, cause we all obviously dont care anymore"
smQNNo2a9xc,UCpRsQ_s0Nbe-VDbT5qlLzcg,And this man wants us to put microchips he made in our brains
smQNNo2a9xc,UCySU_2uUJjqXaj4UdcCK2SA,In all fairness Elon is a self-professed autistic man who literally just said &quot;my heart goes out to you&quot; and put his hand on his heart and kind of threw it out to the crowd. I&#39;ll give him the benefit of the doubt because I think he is not very self-aware.
smQNNo2a9xc,UCaCI1Z8i4FrrYF1GjFJtKbg,"To me it just looks like a gesture to go along with &quot;my heart to you&quot; hand over the heart then waved out to the audience,  either way I don&#39;t care ,  by his policies and positions he takes are what will show his intentions"
smQNNo2a9xc,UCW_-0wDeJeT16HAsU-YVAag,america is my favourite show
smQNNo2a9xc,UCPd6Izhzdn9TbEdKBZRBrqg,Yay Elon<br><br>Yay Elon!!<br><br>Elon??<br><br>Why Elon?
smQNNo2a9xc,UCpKcnN-kgWu5o7tEBVaCFmg,I don‚Äôt care about Elon musk at all or anything but this is not a proper salute. It appears he was making a gesture saying his heart goes out to you throwing his heart at the audience basically. I believe if he did the salute properly he would have had a knife hand the entire time but he was grabbing his chest and throwing it at the audience. But what do I know.
smQNNo2a9xc,UCgYWhHZmwc8Sq1vjfpvEDSQ,"Why is this described as &quot;appears&quot;? We all saw what we saw. Given his support of extreme right-wing groups in more than one country, there really isn&#39;t any plausible deniabilty."
smQNNo2a9xc,UCsd6W9A8kGdKUibFojOi75Q,I like the noise he make after he slaps his heart lol
smQNNo2a9xc,UCXuLVtISIoIpknIHU_AzmqA,"He&#39;s the &quot;smartest&quot; man in the world, but doesn&#39;t know any better?"
smQNNo2a9xc,UCPjKEHUYViK-duswC7TT7Ew,Still better than the British Monarchy.
smQNNo2a9xc,UCZ2PJtE99PHbhft7nqtmg0A,This is. Just a promotion for Tesla model SS
smQNNo2a9xc,UC2N-svlhv1VxZICqH_OM_OQ,Elon musk is cringe. Thinks he‚Äôs cool. We need his high school bullies to set him straight again.
smQNNo2a9xc,UChHY8kZM6UJuPQq6phLS5Dw,I think he&#39;s letting the pedophiles and child molestors know they ain&#39;t safe lol
smQNNo2a9xc,UCkEBNfJuvLjD3SL6c1JmglA,I don‚Äôt think anyone here knows that‚Äôs HOW WE USED TO SALUTE
smQNNo2a9xc,UCEFpRCiU1122S-rZ-cvonDQ,It even made a swoosh
smQNNo2a9xc,UCRJojjV-nEYtJfpASomfJ1g,Hail hydra
smQNNo2a9xc,UCTozS1sg4-BsNYaPcjcD-sg,Know your audience . He knew his exactly üëç
smQNNo2a9xc,UCF9a8eq5AwnMynf3TFNMkww,Kinda based Roman salute. He needs to work on his form more. Closed fingers straighter arm.
smQNNo2a9xc,UCllzuyOm3-rVXzXw0pw4wbw,"I cannot believe people are defending this. He did the salute TWICE! Open your eyes people, this is not your champion."
smQNNo2a9xc,UCIjfx5RLmScbMtweDsl_boQ,He is a loser
smQNNo2a9xc,UCXJimb19AozA4eZGqeydznw,"Dayyum, y&#39;all üòµ‚Äçüí´ Natalie Rupnow &amp; Solomon Henderson would be extremely happy to see this... oh, yea, they killed themselves üòè"
smQNNo2a9xc,UCBlBs3Vi9ToA-Qoa6AA0Bpg,Oh come on. It was a salut of passion.
smQNNo2a9xc,UCgYfgY9M6kQCjSZmoA08ONA,"<a href=""https://www.youtube.com/watch?v=smQNNo2a9xc&amp;t=6"">0:06</a> you utter fool. German science is the best in the world"
smQNNo2a9xc,UCXoVdyiQYLmFaYlO-WUnLEg,this is too much. he has to be punished
smQNNo2a9xc,UCADhAMwqou5W3cT43jeAlWg,"Originating from Jacques-Louis David&#39;s painting The Oath of the Horatii (1784), the gesture quickly developed a historically inaccurate association with Roman republican and imperial culture."
smQNNo2a9xc,UC8IcCDz--6fn-kaEJoTSgTw,American History X - the beginning
smQNNo2a9xc,UCGC3K-4obOtWbjDWq74Z2gQ,They couldn‚Äôt put a fire down what  human on Mars are we talking about???ü§∑‚Äç‚ôÇÔ∏èü§°
smQNNo2a9xc,UC6-gU1PuLv8wUs244hAamtw,hail hydra???
smQNNo2a9xc,UCtps_BKd_AkA29E_li7ZhEw,Pay attention Israel! 1 of the Elites just showed u who he is....APTTMH!
smQNNo2a9xc,UCQrQu2-dDGsEmV4zA50hXHg,Hail victory!  Nice.
smQNNo2a9xc,UCPoVsX4GzoAm7bsGT2HtpnA,Elon Musk went from Bruce Wayne to Red Skull in mere seconds
smQNNo2a9xc,UCGLU0gpKM4VxtNugau1aEwQ,And the ADL gave him cover like he was on their football team.
smQNNo2a9xc,UCw40UHy_f21ErVdy8i_lrsg,Tesla SS
smQNNo2a9xc,UCWtEotoS7SyR95UhS6J3zEA,"If people haven‚Äôt realized how evil this dude is, they haven‚Äôt been paying attention."
smQNNo2a9xc,UCFTNyPeNslQkfibbTRXGhMg,Living in America right now feels like sitting in an airplane as it falls out of the sky
smQNNo2a9xc,UCZgWr6Spu1r3rSWR3wzAsbQ,What have we become? We live in a world were we judge people by micro gestures. Sigh üôÑ
smQNNo2a9xc,UCRTRdg7L5iLQEtvq6CfI1-A,"Poland calls it: 5 beers gesture, for the first excuse made"
smQNNo2a9xc,UCuIuQs49rZArEHIrw-McMCQ,Stop buying he overpriced cars and using his right wing social media platform then
smQNNo2a9xc,UCcnJMGH_T4E9B8rJdxL--CQ,"No worries.  It&#39;s fine. <a href=""UCkszU2WH9gy1mb0dV-11UJg/xsIfY4OqCd2T29sP54iAsAw""></a>üëç"
smQNNo2a9xc,UCl6M6SrH6vpjqqoU-P2YVCw,Blame the tourettes
smQNNo2a9xc,UCl6M6SrH6vpjqqoU-P2YVCw,Be loves us &quot;this much&quot; ‚ù§
smQNNo2a9xc,UCrriNrWv1J3SWY3_f5fZnjw,Don‚Äôt ignore this please! This is taking a dangerous turn and americans need to take this more seriously!
smQNNo2a9xc,UCREEeS8hrzwABUMy-LT_QSg,We need china to come foward a take the lead
smQNNo2a9xc,UCMONYRZu0CrYK9s5mMESMyQ,Elon Mask acts like a attention seeking Kid
smQNNo2a9xc,UCALyhxtEUmlmwTXVtAgK4Zg,"He really did something very dumb, aspergers i guess"
smQNNo2a9xc,UC_pmDUdpUz0-oW9AQpDZhLQ,I choose to believe he did it because he thought it was funny
smQNNo2a9xc,UC0wLtlFgKpiqWr9-cxYKrTA,üòÆ
smQNNo2a9xc,UCmx4SAtkgmPj8AlR00v_diQ,Just the gesture of an Austrian painter
smQNNo2a9xc,UCC5AiMD0Huaqk7pYxqKguxA,Appears? üòÇüòÇüòÇüòÇüòÇno. DOES. Is  the word you are fishing for.
smQNNo2a9xc,UCna1wNj-rTP0DGS67MgrA4w,Nah this seems pretty appropriate for Trump&#39;s inauguration
smQNNo2a9xc,UCAnztdtfWoECK8L_F5mohvQ,He did the thing üòÉ
smQNNo2a9xc,UC574mJrovbPqZRAw9IxL9tA,He even put extra umph into it
smQNNo2a9xc,UCb1W9ziogBB_b5uzm6Kqi8w,"So I saw aoc, Obama, Clinton all make the same gesture, where‚Äôs the outcry. Oh that‚Äôs right rules for thee not for me. üòÇüòÇüòÇ America is done with you leftist üòÇüòÇüòÇ"
smQNNo2a9xc,UCzGLEV6Q41fmGB44ZtF8Vmg,He‚Äôs basically rudolf hess
smQNNo2a9xc,UCwQu6WNdEvnRafJnMjiTlug,Stop stop...other. cultures do this as a show of love‚ù§. Stop twisting.
smQNNo2a9xc,UC6wYZCFer0S3KNQGouq7-nA,"Musk is the biggest troll , and its great"
smQNNo2a9xc,UC3AlDoEcArK7x2Gv9n4vOIA,".@Timodc on Elon Musk: ‚ÄúThe largest donor [to Trump] is the largest government contractor, is now in the West Wing. That‚Äôs insane‚Ä¶The idea that one of the richest men in the world who gets money from the government is now going to decide how the government spends money?!‚Ä¶the potential for corruption and influence there is unprecedented‚Ä¶‚Äù<br><br>The most corrupt administration in the history of the U.S. government<br><br>Musk has a place in the skin."
smQNNo2a9xc,UC2qsDCeTStpq_mANbTS4Avw,Look  &quot; Dr. G explanes &quot; body language analyst  üòä
smQNNo2a9xc,UCHc8xOzPkEAg05v04d6WpHQ,"Another smoke screen folks, get digging."
smQNNo2a9xc,UCra6ECrvnvPgZpT0VHT8Ebw,Hahahah. Everyone who makes a big deal about this is actually showing their true colors.
smQNNo2a9xc,UCfC06LOhsOdW6kCvdl-8a7w,Afrikaner
smQNNo2a9xc,UCN-zPooTXOQORPcqMENJQQg,"He did it. Say it with your chest, cowards."
smQNNo2a9xc,UCtnd2EyhRNwp7VceYivXB8g,As much as I don&#39;t like Elon he didn&#39;t do a salute
smQNNo2a9xc,UCoxJCN2VEHh9mtu2UOAJm8A,What a scumbag
smQNNo2a9xc,UCRp0RiPD07bFSQbL-c0NQNg,üòÇ
smQNNo2a9xc,UCz2NfTF4FPxae6fZTcJC2Yw,ÌèâÌôîÍ∞Ä Ïò§Îûò ÏßÄÏÜç ÎêòÎã§ Î≥¥Îãà Îã§Ïãú ÎØ∏Ï≥êÍ∞ÄÎäîÍµ∞
smQNNo2a9xc,UCVSMJo4D-pt1BVsryb31FwQ,"As he said after the gestures,&quot; My heart goes out to you!&quot; That was gesture of him giving his heart out. Duh"
smQNNo2a9xc,UCYid3xckWOVx_4FF37kFqcg,"If that&#39;s how he pours out his heart, i don&#39;t wanna see him sending kisses..."
smQNNo2a9xc,UCMHn8V_B8vmXXOvaJuPjnzQ,Full support from Finland ‚ù§ HAIL!
smQNNo2a9xc,UCKbSey1fmfNbJscWR_qMaUQ,"He is a billionaire not a politician , what the h is going on?!"
smQNNo2a9xc,UCDlzOT6b4Jwg4q1yc72d6cA,He knew what he was doing. He claims to be the smartest man in the world right? Don&#39;t tell all of us that he did not know what he did on stage for millions of us to see! All this sane splaining....has to stop.l
smQNNo2a9xc,UCiXDBGmqa44lNg_Kr_f-YDQ,Is he high on something? Ketamine?
smQNNo2a9xc,UCDxlfLE78IenBSNJDidpyIA,"the dumbest people can also be billionaires, although it&#39;s usually by the sweat of others"
smQNNo2a9xc,UCuQ6uJ8hA-JSUQbGQRb0zwg,You need to take a side. Dismissing this to the peril of our democracy and liberty.
smQNNo2a9xc,UClYDBO8zFHL9bPLdL1wuglQ,his ancestors got the best of him
smQNNo2a9xc,UC1YgytcGZUkxPTXi5hd-NaQ,Najebo si ko zec u kupusu
smQNNo2a9xc,UCW9pkL-ResR3t1vCGioqomQ,Despicable and deplorable...
smQNNo2a9xc,UCHUb6UZb6-chVN1vioP4k9Q,"People are delusional!<br>So many Autistic spectrum people out there , especially peoples kids being as one out of 22 in California have some firm of Autism.<br>The whole day he was kind spacy and antimated but thats what he does.<br>Your kud van hit you in that face and were all supposed to accept that but he outs his heart out and you all go Na Zee."
smQNNo2a9xc,UCun8Qx33MSlhJMuiIRtMveg,"2a, buy, train, prepare. Time for talk is over."
smQNNo2a9xc,UCl1n3pEgAiEe69a50VGFuQA,Unacceptable!!!!!!! Shame on the USA.
smQNNo2a9xc,UC0jw3I2S13Bvx2pawZbfkKg,Y&#39;all are so bitter.
smQNNo2a9xc,UCQxUssoyiVzs8f2y-IEf2RA,&quot;So this is how liberty died...with thunderous applause&quot;
smQNNo2a9xc,UCPJPtP7CZl2WwbyUFy8DQXg,"I‚Äôm just here for the white midddle class lefty liberals faux meltdown, you did not disappoint..‚úåÔ∏è"
smQNNo2a9xc,UCrKQgvUzhcberSX7PR2Ku7w,The mainstream media give him way to much oxygen!! There‚Äôs no Oxygen on Mars ü§î
smQNNo2a9xc,UCaXzhieh5ldsabBZxKAYXeA,Participated in the Adaxum presale today. Super smooth process and incredible potential rewards!
smQNNo2a9xc,UCfIMrqEde_f8VJstSpwgJnA,Projects like Adaxum with strong use cases and a clear vision often lead the next bull run. Definitely worth considering!
smQNNo2a9xc,UClC0dXNZsshNU7gkyLAznLQ,ICO of the year? Adaxum token is definitely in the running with its unique approach to DeFi and payments.
smQNNo2a9xc,UCa9Q53fF1gVwxkCA3zJPxRQ,"It&#39;s always about being early. Adaxum token is still in its early phases, and I see huge potential here!"
smQNNo2a9xc,UCn5cLYCxXhBR01RH9EKKlQA,"Tokenomics on point, a strong development fund, and a clear focus on community growth, Adaxum has it all!"
smQNNo2a9xc,UCFcUrIeL3OTKw6cTznjx6UA,Time is running out! Adaxum presale is nearly full! Act fast before it gets sold out!
smQNNo2a9xc,UCRZMik47yDUZY7qLOn4jcjw,Adaxum presale is aligning perfectly with the market sentiment right now. AI + DeFi is a killer combo.
smQNNo2a9xc,UCzaCJI9_6S89FFeRKOXAnjw,"Crypto projects with clear visions, like Adaxum, tend to dominate the market. The time to invest is now!"
smQNNo2a9xc,UCbVvtWsFDVuYUyCX615SQ0w,"This is the most exciting presale of 2024. Adaxum is combining the best tech in AI, DeFi, and blockchain. I&#39;m in!"
smQNNo2a9xc,UCmceyO6RF5lQv8MfJJSh1Gg,Investing in Adaxum presale feels like catching Ethereum in its early days. Huge potential here!
smQNNo2a9xc,UCSHXgA7nGKRjDkJsGpAFPew,"2025 could be Adaxum&#39;s year. With alts looking bullish, this presale might be the perfect entry point"
smQNNo2a9xc,UCzSCGpp_-kzmwc1KzgK182Q,ICOs like Adaxum ADX thrive during alt runs. Early investment now could mean massive gains in the near future!
smQNNo2a9xc,UCgmMVL2hKCzgw3Fcnz-YEnw,Early-stage projects like Adaxum can be life-changing if the timing is right. Bitcoin&#39;s rise might spark a great alt season!
smQNNo2a9xc,UCr0AA3Jl3hQ9JGz8Syp-beA,Only a few spots left in Adaxum presale ‚Äî this is what first-mover advantage looks like!
smQNNo2a9xc,UCGq6dNVcbenDLjmpy0hCWAQ,Trump‚Äôs influence on crypto markets is undeniable. Adaxum token could ride this wave straight to the top!
smQNNo2a9xc,UCcfUp-Wf8xP47TV3L3e7l5A,Looking for a presale with strong fundamentals? Adaxum is delivering on all fronts!
smQNNo2a9xc,UCucOguxjAd1cHppkOSHpvGw,Over 75% of ADX tokens sold already? Adaxum presale is heating up! Get in while you can!
smQNNo2a9xc,UCpcewa6KaSieXgdL0jb4fuw,"The Adaxum token presale offers unmatched value, especially with its bonuses. Don‚Äôt miss this early opportunity!"
smQNNo2a9xc,UC_WGbPN47xQ4-PZ6d3X_mQA,"Adaxum innovative E-commerce platform, combined with its scalable DeFi solutions make it a game-changer in the crypto space. Early investment opportunities like this don&#39;t come often!"
smQNNo2a9xc,UCwX4NCErjqHZU_Dwf72vFkA,"Why invest in Adaxum? Simple: cutting-edge technology, real-world use cases, and massive growth potential."
smQNNo2a9xc,UCO0f-J3hKj6ONXjLvL48Jfg,Adaxum&#39;s ecosystem and AI features look like a game-changer. Investing early might pay off big time!
smQNNo2a9xc,UCHsAUppXmRddyOpwkwXVN1Q,"Don‚Äôt sleep on Adaxum, especially with altcoins gaining momentum. Early bird gets the worm!"
smQNNo2a9xc,UCr32ZqyP9saDRMcDQiCNJRA,"Trump is for crypto, and new projects like Adaxum will rise in the following years."
smQNNo2a9xc,UC24_NTBocuBWJufFGDsso3g,"The altcoin season is heating up, and projects like Adaxum are perfectly positioned to dominate the market."
smQNNo2a9xc,UC7PgFkyNB7fXwlnBQ7Rv2mA,"Bitcoin&#39;s pump is great, but the real opportunities lie in gems like Adaxum token, while they‚Äôre under the radar."
smQNNo2a9xc,UCk_VWGv7YT2UmLSAaNcZ5Bg,The Adaxum team is setting the bar high for presales. Transparency &amp;amp; bonuses equals community trust!
smQNNo2a9xc,UCj_jP039OEr8baTCKf-9z-g,"Bitcoin breaking 100k again is HUGE! Alts are heating up, and Adaxum seems like a solid early-stage investment right now"
smQNNo2a9xc,UCbN8fIq441bbGvoe8pP4mAw,Looking for altcoins to invest in? Adaxum combines E-commerce and DeFi and its in presale phase ‚Äî definitely checking all the boxes for me.
smQNNo2a9xc,UC4JNqu6EjfQighKBG2G_dFg,Adaxum ADX is the perfect blend of DeFi innovation and real-world utility. Early investors stand to gain the most!
smQNNo2a9xc,UCyH_k4oFoc7As5FZZxSf_Lg,South African racist and nacist. This gesture caused death to millions of people around the world. Shame of you America for accepting this creature üò¢
smQNNo2a9xc,UCIgxNA8fbXLipW9wI6YmQ0w,What do you expect from a guy who‚Äôs family got rich off South African apartheid?
smQNNo2a9xc,UCjgMvRAKTIkNTCTGc9veNWw,"No he said that he gives his heart out, and he shows it with the hand!!!!!"
smQNNo2a9xc,UCeqL4U0BfBXwbyHxhmRUMdw,his donald trump supporters so im not surpriseüòÖ
smQNNo2a9xc,UCwiWIqp7lPFhZGwehSbCuiQ,"Elon was gesturing throwing his heart out to us, and anyone trying to manipulate this otherwise is insulting passionate and austism spectrum people, and just plain sad and absurd."
smQNNo2a9xc,UC5umRyLChI7a2JQBN38-Uwg,BASED!
smQNNo2a9xc,UCpApYrZWc6W2LY2MxaSzG1Q,It&#39;s like a Granpa who practiced doing the whip and Nay Nay for his grandkids but now with added Nazies
smQNNo2a9xc,UCgMQ-Hus1TiETyUXGaKfhaA,üí™üòÜüòÜüòÜüòÜ
smQNNo2a9xc,UCYu9_j_GH2D3TSayeTx1vvA,"How come this hasn&#39;t been made into a GIF yet? <br>All you GIF makers out there, it&#39;s time to get to work!"
smQNNo2a9xc,UCG1doFpeawZYjlNHKyc_LSA,Lol
smQNNo2a9xc,UCZAFKCWYLbx298OiIB7hSig,HAHAHAHAHHAHA
smQNNo2a9xc,UC61pSooCO42GsPEask1rSmg,People seem to forget this man‚Äôs origins. Of course he would do that many times over. Someone needs to remind him he is not in  Pretoria S Africa. In the 90s!Hate is real!!
smQNNo2a9xc,UCz9FA4oORVcZbZiyONBfb8w,Not true
smQNNo2a9xc,UCKN_aIWrItw9vuNtz_Ro0sQ,"‚ÄúMy heart goes out to you!‚Äù So went the hearts (and the arms) of so many germans in 1933, Elon. Congratulation, America."
smQNNo2a9xc,UCiaMOHzJCPPzyIq9bVlaCdA,Es el saludo Bellamy ignorantes y manipuladores. Este saludo ya se hac√≠a en EEUU en el Siglo XIX
smQNNo2a9xc,UCkHowspzvhfkArd2DyP7W-w,üòÇüòÇüòÇ
smQNNo2a9xc,UCT9HuGcUi94BINiAJoWFN6g,It‚Äôs just a mistake from an awkward nerd. Nothing more. Certainly doesn‚Äôt look great! A silly mistake.
smQNNo2a9xc,UCRN4KEUx9Z3JIW7Haur9EKg,‚ÄúAppears‚Äù üòÇüòÇ he did it twice to make sure you knew he did it right.
smQNNo2a9xc,UCnhwfyi3eUuf7WMeFC2LkSw,Trump and Elon are dangerous together really dangerous
smQNNo2a9xc,UCKlOXadiG_7vce-ZN-VocMw,"That is hail, Caesar nothing more."
smQNNo2a9xc,UCqXUtG1WKo4FtCSsRYAjCWQ,Sensationalism instead of reporting important things.
smQNNo2a9xc,UC_x6Rc7LbgB-gyan_tua9iw,The meltdown on here is hilarious üòÇ
smQNNo2a9xc,UCENZ4oBLL-HG94VnupJmGqg,Elon&#39;s shout-out to the Musk/Trump Amerika Deutscher Bund
smQNNo2a9xc,UCIMjDHs8tI6RLW6j_cY39Qw,Except he doesn&#39;t. That salute starts with the right arm along side the body. There is plenty of footage of AH and his followers doing it. Grow up.
smQNNo2a9xc,UCF3QHY_50MnHRlqHZatsfSg,Free luigi
smQNNo2a9xc,UCNix504d9eqLWKFYtFW42RA,"Dude is playing all of you. He‚Äôs obviously trolling. Do you really think he‚Äôs not aware of what this will be interpreted as? Guy is obsessed with protecting freedom of speech. Whether you like him or not, he is a strong advocate for it. This is clearly him trolling and making a statement about freedom of speech."
smQNNo2a9xc,UCFuI8uZkO5ZwB4p7Nzw_Kjg,"I can&#39;t believe there are people trying to defend him by saying it&#39;s &quot;just the Roman salute&quot;. No. We know what it is, and we know the meaning that has been intrinsically tied to this. He wouldn&#39;t have done this and assumed no one would take it this way. He knew what he was doing"
smQNNo2a9xc,UC2Sher9wGs0_-S7i4hHRHfA,It‚Äôs called a Bellamy salute<br>WGAF
smQNNo2a9xc,UCAfqMAIdFNqwz5H3JOzuGKg,And they all cheered. ü§î
smQNNo2a9xc,UCYAdJMn8fPKyme1KiWeOJMg,It‚Äôs called a Bellamy salute the original pledge of allegiance to America.
smQNNo2a9xc,UCmmEVbD9UsVNkUfCclxcdvA,"Too high..  This is what happens when you take too much amphetamine, the mood of ‚ÄúAderal‚Äù double dose. // sad."
smQNNo2a9xc,UC3_CGDQEXvaFOieGIBGbfiQ,Yep now he has the power and lots of federal funds.
smQNNo2a9xc,UC-fX5kKeSIV4NaM1Ccim1Zw,BEAUTIFUL!!
smQNNo2a9xc,UCwaxvXejQwQgAPyq-3q6mLA,Musk is like one of those menacing evil characters in a James Bond movie. Where&#39;s Mr Tinkles his Persian cat?!!!
smQNNo2a9xc,UCCTm-D2-cYOWpk2tbqm2WoA,"Cancel all his government contracts, and send him back to where SA."
smQNNo2a9xc,UCfkRAvdTT9QgxGdDJbxYMKg,I think he did it to trigger the left. Looks like mission acomplished.
smQNNo2a9xc,UCyLL1kJ7dR-i37BTBldcwmQ,"He said my heart goes out to you,  are you really insane? I think you are."
smQNNo2a9xc,UCpx8k_mL2W8YZtoRIw9I4WA,Oh no! Let&#39;s see what the ADL has to say about this! Oh...
smQNNo2a9xc,UC2CKTiFgbeDBw-TU7ZsEnyg,I mean honestly he was doing a heart gesture but then realized what it looked like so that‚Äôs why he subtlety then explained after saying his heart goes out to the people. So I think it was just an adrenaline in the moment thing he accidentally did. But fox should not have edited it out cause then they‚Äôre no better than cnn or msnbc etc.
smQNNo2a9xc,UCobv5IU4Th_9jexGutcUujw,People are just seeing what they want to see. We shouldn&#39;t burn a man just because he held out his hand incorrectly.
smQNNo2a9xc,UC924x4TAnSDb9nd_V4lHYOA,Fox ‚ÄúNews‚Äù edited out the salute from their broadcast üòÇ
smQNNo2a9xc,UC_X2p7y-1E4qJuNwYCfrKrw,&#39;Merika
smQNNo2a9xc,UC6fpZZXZF-CzrXvuHuvSXsA,That was the hardest salute I&#39;ve ever seenüòÖüòÖüòÖ
smQNNo2a9xc,UCrFESI8E7bOb3etbTQKnWrA,He is from South Africa.
smQNNo2a9xc,UCimenffKtcsFG9pkDCTI8Nw,O bir TEKNOLOJƒ∞ sava≈ü√ßƒ±sƒ± üëèüëèüëè
smQNNo2a9xc,UCCDNL9onTgiAvqL5AsEmBqg,TRADER
smQNNo2a9xc,UCVTe_JjxMDr0_nEV9ebYeQQ,It&#39;s news lies like this that got trump elected. Keep it up! And thank you!
smQNNo2a9xc,UC0kYSH8GGIqXXmbWSSTb9BQ,Did the crowd salute him back?
smQNNo2a9xc,UC8BduLuxWVw5lD74f-ILx5g,"Lone Skum. Not lone, unfortunately."
smQNNo2a9xc,UC7xYkHMqmDR0un2UE-ncIRw,Nice üôãüèª‚Äç‚ôÇÔ∏è
smQNNo2a9xc,UCIAM2kWoglNqKll6-QywHcA,As an American who did not vote for Trump I promise we do not all love him! A lot of us are really scared
smQNNo2a9xc,UCf5ahUimRuo7j6_DvSWQ10w,haircut
smQNNo2a9xc,UC_vXEmi0QPakoPSc6T9hcYg,Super heros give that sign before going into power mode.. I can&#39;t believe people
smQNNo2a9xc,UCk7LUWX5lxCZHbivZf4d2pA,"Trump : It&#39;s the innauguration day Elon, please don&#39;t do anything awkward<br><br>Elon :"
smQNNo2a9xc,UCRN1sb_UOvEThitUS1tydyA,"I don&#39;t like Musk, but that&#39;s not what that was."
smQNNo2a9xc,UCevjwYgBHjm1FYlzMngcGCA,whats he doing in politics America is a plutocracy
smQNNo2a9xc,UCAoLSzHWazpZlMOj2eD282A,‚õàÔ∏èüå™Ô∏èüî•
smQNNo2a9xc,UCJ7GyPy7mw8TrHTZ34DvTEQ,Hail Musk! üëåüèª
smQNNo2a9xc,UClqAnat43gQwdh1MH-yYQPw,Finally. The man in the high castle Season 5..:(
smQNNo2a9xc,UC3Omfeit8gHv_5fyJo8QKCw,Someone needs to make a meme for Elon with the hand of the king from Game of Thrones ü§ì
smQNNo2a9xc,UCWfzGLIO_lFmSTPtpnyhpPw,i hear luigi‚Äôs name in the wind and in the rustle of the leaves.
smQNNo2a9xc,UCiA5rOmn4QsmkNif4kcN2pg,Afrikaner Resistance Movement
smQNNo2a9xc,UCKQyAIqBOVd_-3tfSQEPfsQ,Doing a salute in the country that helped stop that reign of terror. What a class act. Maybe it‚Äôs time for America to dissolve‚Ä¶
smQNNo2a9xc,UCtpKfR0ohtgoKSrpEvlzN6g,It IS a Hitlergru√ü. Not: It appears to be‚Ä¶ <br>He did it twice.
smQNNo2a9xc,UCm6bDbnYjkNqj4jq3J98oNQ,Now try that in germany now. Stick around and find out.
smQNNo2a9xc,UCmowq59E8u6nKu1LxzB-qRA,Thanks you elon for making it ok for us again to salute‚ù§
smQNNo2a9xc,UCKMfZAo7BDUE2Yq4i64MVGg,"We all know that is just an expression of loyalty to the American flag, the Bellamy salute or whatever it is. <br><br>Ok, jk. That&#39;s how democracy dies."
smQNNo2a9xc,UCvsnzpDtkMgwOVmIDMnm4ow,Disgusting.
smQNNo2a9xc,UCXOJEHwuAmsWbh8DMagpRKA,<i>So this is how liberty dies. With thunderous applause.</i> ‚ÄîPadm√© Amidala
smQNNo2a9xc,UCXO2ewb9R5Ch4nCusXh6j1Q,IdiotocratiaüòÇüòÇüòÇ
smQNNo2a9xc,UC8itnD-QZHUCUXGVjEotGoQ,"Its out context, stop being sensitive, only he knew what he meant, its just a heart salute, and if he meant it, he knew it would go viral, he is a troll king, yall fell for it, yall too quick to assume, its just dark humor you salty inbreds<br><br>Didn&#39;t kamala and Hillary also did the salute, and they didn&#39;t get called out for it, look it up, hypocrites"
smQNNo2a9xc,UCM11uC53kKAylb7wFicQwHA,"Asking Universe to send your way as much healing energy as it can gather, seriously and sincerely."
smQNNo2a9xc,UCrUAKvQz_r2IRUDAi-5zrWg,&quot;This is a socially awkward autistic man‚Äôs wave to the crowd where he says ‚Äòmy heart goes out to you.‚Äô‚Äù
smQNNo2a9xc,UC7z1Hws7pAab2tY5W9s69Hg,Trump getting re-elected lowered the standards of American politics to bedrock.<br>Elon Musk actually managed to break through the bedrock and lower the standard even further.<br><br>And what&#39;s with the awkward grunts during the  salute? Does he struggle for air because his heart is physically exhausted after a 3-day binge of nose candy to grind his videogame accounts?
smQNNo2a9xc,UCw-rJJKO1alWrcuNBhTSyJg,"3,2,1,.....Fascism."
smQNNo2a9xc,UC0F1iQef4DrJSMRoWAOUJKA,Dreaming of the Third German Empire
smQNNo2a9xc,UC0F1iQef4DrJSMRoWAOUJKA,I like
smQNNo2a9xc,UCXgZ3n2nIFJGTL17hjxZefw,"I thought it was funny, üòÇüòÇüòÇ"
smQNNo2a9xc,UCHlOFwEIU2NPsmBLf2d2DMA,These pople love war.
smQNNo2a9xc,UC2y9dOIpm-JSlbjqA5aNoyg,What a legend
smQNNo2a9xc,UCPsGSJ48bUwWsQMGn1sRQig,&quot;Appears to&quot;?<br><br>He did it twice.
smQNNo2a9xc,UClXmD83zoEoGDTH22kwE8RQ,Geezers off his meds
smQNNo2a9xc,UCG6bRkuExcOVzhFmcxGUfzw,My heart goes out to you üòÇ
smQNNo2a9xc,UCJ05dmA6JlN8jSX0AtbxQxA,Natzi salutes on a Martin Luther King Jr. day. My mind is blown.
smQNNo2a9xc,UC2FoIojGUZLaOvsWE-2F55w,He put a lot of anger into it.
smQNNo2a9xc,UCmZgxS8zCZ4awxezgF3NUPw,"He was showing off his genuine joy. Associating him with N just because of his actions is like controlling behavior that we still can&#39;t do. It may seem exaggerated because of the historical trauma, but it was pure action of his joy. Golden age came to U.S.üéâ"
smQNNo2a9xc,UC3agaO3P3JBA74vFjFIls_Q,"That salute identifies as a freedom salute now. If liberals can switch genders, salutes can switch meaning."
smQNNo2a9xc,UCIHm-kPyDHMiFndOnk12hDQ,"‚ÄúI have a dream!‚Äù - Martin Luther King, Jr.<br><br>Aug 28th, 1963<br><br><br>‚ÄúThe future of civilisation is assured.‚Äù - Elon Muskolini<br><br>Jan 20th, 2025"
smQNNo2a9xc,UC7jMQVWRqFLm7wGEiRiHG1A,HH
smQNNo2a9xc,UCyVDCquYrS5tAY4dKoNbvQg,"That is cultural appropriation, not nice."
smQNNo2a9xc,UCftCHd69cfHBiF7JsgFrGHg,He‚Äôs thanking the crowd üòÇ mainstream media are stressed about Elon it‚Äôs hilarious.
smQNNo2a9xc,UCcosBu7XOlKGqM6I2osdb7Q,Finally common sense to  america!!!
smQNNo2a9xc,UCrSiUv-ZP5Pr-cwRG7c-lQA,"Musk is an immature internet adolescent, whose early wealth blocked him from maturing sufficiently to understand the wider world and the lessons of history - it&#39;s not surprising he fails to comprehend the textbook malignant narcissist Trump whose actual motivation is to fulfil his delusional fantasy that he is superior to everyone else in any context... the real danger is that so many Americans actually voted for a mentally impaired and dangerous individual who should be supervised within a psychiatric treatment institution."
smQNNo2a9xc,UCA1v-ZZUAH9xycpyOXSs_gA,&quot;Appears&quot; ..?
smQNNo2a9xc,UCTmASSnAdm2dK0B1XqD-Few,What&#39;s wrong with that?
smQNNo2a9xc,UC1jmhH56dLiYL_3Hh6vToXQ,"In less than 4 months time this man will likely be standing very close to Trump in Berlin when the 80th anniversary of the end of World War 2 in Europe is commemorated, you really couldn&#39;t make it up."
smQNNo2a9xc,UCzlhVQ9CfgxobgvlcaIuLNw,&quot;president Bush does not care about black people&quot; - Elon Musk
smQNNo2a9xc,UCaLjBWIgP08IdcEABWh5nYg,Tomorrow belongs to me
smQNNo2a9xc,UClwF_89R1CD_GhJqJqmkQ4Q,He is simply waving to his supporters
smQNNo2a9xc,UC7pwbMQn85KJXlQvPwJrm8Q,"I&#39;m disgusted and they keep labeling other countries as terrorists when in fact USA is the only country that has been instigating wars all over the world for self interest since WW2 and finally the people voted disgusting humans into a place where they can do ultimate damage. <br><br>I see Americans keep saying they are disgusted but what are you going to do about it? At least the people of middle east have courage to protest, y&#39;all just keep commenting on social media waiting to be rescued."
smQNNo2a9xc,UCQCoTArizwRwypYI-HasIZQ,"Guardian news is  commiting crimes, as they go around in the commentsfeeld to tell what kind of political partys you are allowed to join/follow or not. You guys need to have life in jail. As you attack all countrys in the worlds peopels politics!"
smQNNo2a9xc,UCQCoTArizwRwypYI-HasIZQ,Love it! Make Aryans strong again! Anti-racist is just a codeword for antiWhite!
smQNNo2a9xc,UCrpnQr1kwqVTRhr3K-kI0cw,He grabs his heart and throws it out to the crowd. Then says ‚ÄòMy heart goes out to you‚Äô. It‚Äôs really not that hard to see what happened. Elon derangement syndrome?
smQNNo2a9xc,UCI-QZJ2GeC8UX1bSd_HqCvg,Shameful
smQNNo2a9xc,UCY00wWwdzjyByPVvTsbD67Q,King!!!!üòÇüòÇ
smQNNo2a9xc,UCtfDTjX65b-htXTbPgOyYlw,He even did the first one with an &quot;hmmph.&quot; Better call gi robot before this gets out of hand
smQNNo2a9xc,UChKDWuBQAwM-KetGQ0ANocw,It&#39;s a Bellamy salute you fools
smQNNo2a9xc,UCPC2cfQTCRkIaKidDEaCGXg,He did it&#39;s clear what he did
smQNNo2a9xc,UCz2aa-oA8a3OlOn4gTHQ2BQ,üò¨ Remember his IQ is genius so he knew exactly what it meant make no mistake. He became a trillionaire by moving money out of your pocket into his.
smQNNo2a9xc,UCmWZFVAKOYHK8wDvv-hUQbQ,He‚Äôs on something I think
smQNNo2a9xc,UCokKVXdYW1B1hlPS6sGo-bg,"A perfectly normal gesture by a perfectly normal man.<br>The widely used gesture is seen in boardrooms to bars; and Sports venues to schools.<br>So what&#39;s the problem?<br>Well, it WAS from 1933 to 1945 in Germany. <br><br>Seriously, Elon is a huge fan of right wingers around the globe.  This gesture was entirely deliberate from a dangerous and deranged man."
smQNNo2a9xc,UCSwi5nZBGBSa8L3Dm6gpTpQ,He hit it like a dab in 2017
smQNNo2a9xc,UCqruzdL98aLyUUPUiDGdKFA,I guess Israel isn‚Äôt getting any more money! üòÇüòÇüòÇüòÇüòÇ
smQNNo2a9xc,UCncKcrIVDyc9vwCUfhayVUA,That&#39;s not an &quot;appears&quot;. That&#39;s an &quot;is&quot;.
smQNNo2a9xc,UCgzI60jNgLFkD6xJyIojo1g,What&#39;s wrong with it? üòÇ
smQNNo2a9xc,UCIOih8CaOxldS1cNyRVR5mA,The word intent means nothing nowadays against people you don&#39;t agree with or like. He has aspergers. Clearly just wasn&#39;t thinking about how he expressed himself physically.
smQNNo2a9xc,UCddFCUvRauXe5V4DO0sNKNg,"So...here we can see Musk, Unmusked."
smQNNo2a9xc,UCGkdJj4dxXZYoDoh8ubkfpw,Elon Musk is a disgrace I hope he the first one get deported because he don&#39;t belong in our country this was an embarrassment to the American people Donald Trump don&#39;t like him really
smQNNo2a9xc,UC3LPS6PS92hDj4DUXkIUImg,"I honestly thought that the still images misrepresented this moment, but this is a case where the video is much, much worse than pictures :D"
smQNNo2a9xc,UC3tiGMUqJETzCaw-6Y-FwZQ,Thank you for posting this and not covering it up like other news channels.
smQNNo2a9xc,UCTevkgNpnCjMRUuEVvMfU2g,Pretty sure Tesla owners love this üòÇ
smQNNo2a9xc,UCuXo3NQWgczW2Fd_eIvT5dA,√à il classico.saluto romano che ha origine nella Roma Imperiale! Roma.√® caput.mundi e Elon la ama a quanto pare!üíôüíôüíô<br>Da non confondere con quell&#39;altroüòò
smQNNo2a9xc,UCAAesDbB-RW52Gs6tAykGjw,"You should have saved you step sister from you own father, groomed her from thr age of 3 years old elon, nice south african salute"
smQNNo2a9xc,UC8LYP47pYwwAi2PuqOGeypQ,this has nothing to do with facism u ppl are just r
smQNNo2a9xc,UCWks0-xn7wUXE_ell_ET4gA,Adolf MuSSk
smQNNo2a9xc,UCxPmoSXpPZNYW7LNKXig4eQ,That&#39;s it. The system revealed itself!!!
smQNNo2a9xc,UCsNsCnWG-O8FIskgIHZKgOg,He is a south african. Not American
smQNNo2a9xc,UCkLW5n68OvoFAuqjLRsAISw,"should be arrested, is evil to humanity"
smQNNo2a9xc,UCRWAzhL2jaypyNhzSiMJOYA,I‚Äôm getting worried.
smQNNo2a9xc,UC5QzJs9xdkrjOX9go24cWpg,Flyng to America to live ‚ù§
smQNNo2a9xc,UCTumCCj84ANJsP_nZSKaj-Q,"Don&#39;t thank. We know it didn&#39;t happen, and you will soon be in handcuffs."
smQNNo2a9xc,UC33dWcz7xXTp00UhdAukswA,Maybe not the best gesture to be making but context does actually matter. <br><br>The Guardian is looking to get sued. This kind of ‚Äújournalism‚Äù is part of the problem. The choice of words ‚Äúappears to‚Äù means the Guardian knows they are skirting a very thin line.
smQNNo2a9xc,UC2rrlgum_iOnrN8PpynBvsg,Cool Roman salute
smQNNo2a9xc,UC2rrlgum_iOnrN8PpynBvsg,Cool Roman salute
smQNNo2a9xc,UCFKeCHQFEF1fyKKqkdvm28w,I love all the soy boy meltdowns.  They&#39;re making themselves look even more ridiculous with their outrage.
smQNNo2a9xc,UCyG8bcEZZPUR7oJn3UXAKlA,Defamation lawsuit gonna line this mans pocket
smQNNo2a9xc,UCyG8bcEZZPUR7oJn3UXAKlA,Damm this is slander on the mans intention
smQNNo2a9xc,UCravmc6c1fk8qr1Ycm_J-XA,Finalmente uno che sa come si saluta!
smQNNo2a9xc,UCKmfgMrXxoLG0XRiJH2v2dA,You gonna see the Collaps of USA Empire... it all starts like this.
smQNNo2a9xc,UCfOm05iptDJxpI0IhYMCiEA,"I was waiting for the goose step, to make the picture complete."
smQNNo2a9xc,UCQ8CGelsRALLPdyqAa_mVfg,"I think its hilarious people fearmongering, Trump just became president and people are already fearmongering, Aside from that, He wasn&#39;t even doing the salute, he was sending his heart out to everybody, unfortunately it ended up looking like thr infamous salute."
smQNNo2a9xc,UChFx9IpZD09nWunMaxqN_Cg,"Mute button. Delete twitter account. I was never a member of that nonsense, but really enjoyed deleting my FB account a couple of years ago."
smQNNo2a9xc,UCFma8QNaLhrXrj8D_FLMhhQ,Iran is wrong.<br>America is already dead
smQNNo2a9xc,UC3BgFpCR4C14x9eUzkuBdBg,One of a kind !! Amazing !‚ù§
smQNNo2a9xc,UC-s0rOEQDTi5S2S69sFcw8g,He‚Äôs trying to raise property values on Mars by making living here less desirable üòÇ
smQNNo2a9xc,UCJyfuvAd2T4dkXJGGNkUKzw,Appears? üòÇüòÇüòÇüòÇüòÇ
smQNNo2a9xc,UCEWAHYn4lD06u3a9wxrwfmA,Albo szaleniec albo naƒápany!
smQNNo2a9xc,UC5Nnjg7F-TyiEJV3LPmL4ww,Bro thinks he&#39;s so slick. This is the worst thing to ever happen for public autistic representation.
smQNNo2a9xc,UCcq69Q1O-5PCNJiAwaGOMDw,People usually say‚Äù my heart goes out to you‚Äù after something bad happensü§∑üèæ‚Äç‚ôÄÔ∏èüò≥
smQNNo2a9xc,UCNwaD0WdczHFQbnSbp6qb5w,Rootless nomad pretending to be real opposition. Pathetic!
smQNNo2a9xc,UCYwsZax7rLaIsArDEwGNnZw,"Why are you surprised? As a South African, I&#39;m not. This bloke and his family are the benefactors of apartheid. His father was on a podcast recently and said something along the lines of: &quot;Elon is fulfilling his destiny, that he pretended for the longest time to be a lefty in order to be accepted, but now he is fulfilling his destiny.&quot;<br>Yikes"
smQNNo2a9xc,UCVM5IgU89obAvWWdAOuB5-Q,1930s Germany flashbacks
smQNNo2a9xc,UCDI_v5OryUASBHg-hf7rrOA,We making it into Poland with this oneüíÄüíÄüíÄ
smQNNo2a9xc,UCk-u2UBrINGJN-wi-6ERQrA,Appears?
smQNNo2a9xc,UCVk_H6Sv9mcfWrOPtMKfxBw,It‚Äôs clear to me that he means to Graz his heart and throw it out to everyone. He‚Äôs very socially awkward and this might be the best he can do. Still I‚Äôm no fan of his.
smQNNo2a9xc,UCJo1ZkGLOh5HaKPDQnWW9gA,There are plenty of pictures on the internet of famous people caught waiving that makes it look like they&#39;re doing the hh. This is not one of those times.
smQNNo2a9xc,UChU7mgmEyfbNoVw2saBQ9cw,Hiw low as the.usa sunk donald trump and elon lol uts crazy onrs a pervet and other a faddist
smQNNo2a9xc,UC6Tb8WjNifJTzDTa5hgfU9w,He grabbed at his heart. Threw it at the crowd and said my heart goes out to all of you. Are u people dense? Do u realise making things up in ur rotted brains just gives him more excuses to play the victim?
smQNNo2a9xc,UCQNAEVNkfI5OpbpFuSTCX4w,Style!? All he needed was the outfit.
smQNNo2a9xc,UCcVe3fQZcw9aXt1xuA4qF5Q,He did the Bellamy salute
smQNNo2a9xc,UCrZKwPJAYQ3_N0_j8Wqa5xQ,ADL approved!
smQNNo2a9xc,UCqNlUYocX9XprFtlOqgXt4g,As a fan of Musk this is a bit awkward
smQNNo2a9xc,UCgqahZpvvkXIVi-lUaIWtSQ,He did say his heart goes out to us. Maybe it was just his way of signaling that.
smQNNo2a9xc,UCNPJ5xz76bLNHDTIyZBPLQQ,lol ‚Ä¶.
smQNNo2a9xc,UCAcgXegWti89jQRtnbStLAw,Weird
smQNNo2a9xc,UCvQ-w5rk1FvvgcGj0GuWFCQ,Detestable.......
smQNNo2a9xc,UCNIDAoLmH-zZKOKEZjfKmyQ,I disagree... It appears to be a heart felt giving of thanks... That is what I see. I do not see the regimented salute you surmise.
smQNNo2a9xc,UCttmr1M41FO2gHwK5huDcvg,"I mean, I don‚Äôt like Elon, but I don‚Äôt think it‚Äôs what he meant.<br><br>Dudes autistic af and that was his heart goes out to you body language.<br><br>Pretty dumb, yeah, but after seeing video it‚Äôs pretty much a nothing burger. <br><br>I legit thought there was no context and dude was just throwing up salutes randomly from muted videos I was watching."
smQNNo2a9xc,UCxG7-eg2mdCE2IGnnsOdJnw,Appears??
smQNNo2a9xc,UCvyD0YeaUKBUjmvAUCjL2Iw,"If you think that was a facist salute, you are delusional af."
smQNNo2a9xc,UCBJF_kuS-zscVmE_n_yokJQ,This is the cabal shill that pretended to launch a sports car into space. You didn&#39;t actually believe it did you? We ain&#39;t going to Mars either.... Conman.
smQNNo2a9xc,UCC6dEVmz-cdaV80FKBpiREg,Love it! You crazy psychos will look for anything to mewl over.
smQNNo2a9xc,UC74WWmJOW5ghGOe3cdZyMCw,Last time i checked he wasnt from Argentina...
smQNNo2a9xc,UCERoL3qNzNKrHzya3CbPZkA,It looks like the new Reichiest started in the USA now üò¢ I hope üôèüèº I am wrong
smQNNo2a9xc,UCMId9qhh9Hd4GbaxTgBJvtw,Richest man in the world btw
smQNNo2a9xc,UCX4yV3MdlN3-jJyiLYpoRGA,HE DID IT TWICE.
smQNNo2a9xc,UCu1jwxPfT3QUhw6SWn6QdtA,"The &quot;Mainstream&quot; Media had a chance to leave behind their divisive trash behavior from the past, but oh no, hours into the Inauguration and they&#39;re already seeing Natzies everywhere! Just absolutely pitiful.<br><br>Liberal Media are the real deplorables, and yes, they truly are the enemy of the people!"
smQNNo2a9xc,UC8p-vCxzE31A_MrUrseYl9w,"Guys, give him a break. It&#39;s not like that is one of the most historically recognizable gestures of hatred. Innocent mistake üôÑ"
smQNNo2a9xc,UC5wjWN1ynZkKeXuK9rOSqXQ,"Imagine gathering a bunch of billionaires to run your country, and the riches one gives you a hint of what&#39;s to come ! üòÇüòÇüòÇüòÇüòÇ"
smQNNo2a9xc,UCg-qGGlZkMZBC6SetuTj2ZA,America the protector for free world? My foot!
smQNNo2a9xc,UC67z0mwq1nq66RNr_KyL0rw,He should grow a little Moustache.
smQNNo2a9xc,UCWc9UF4ByHfwETGmvu5xuNQ,we told you so
smQNNo2a9xc,UC6D12bcjlLgwK2ED84lFzaQ,It&#39;s so over
smQNNo2a9xc,UCovMrv6JzGJZhhRl4WqC4-g,So now you people are cyber bullying autistic people for not understanding non verbal communication?
smQNNo2a9xc,UCzgK4oNChXideDVnSzCdlGg,Bro wth is going on
smQNNo2a9xc,UCZiAC4fIM_aonwiZn16lv_A,Hail Trump
smQNNo2a9xc,UCbG6CFA6T9zhPRgl9GEAI4A,üò®
smQNNo2a9xc,UCDGVgrzldNLks_qvAiDoZ0g,Oh bullS#&quot;;! The Drill music video
smQNNo2a9xc,UCKqdh8ZJ8za6YslWPyyXxxQ,Common Elon W
smQNNo2a9xc,UCA1-OvcQdVT3Br1tr12hPGw,I give up on society. I&#39;m over it. F**k this.
smQNNo2a9xc,UCmPZ-Hx7toJQdHhUI6kfK1Q,Trump Syndrome on full display! It‚Äôs going to be fascinating to watch American leftists loose it over the next four years‚Äîfrom a non-American
smQNNo2a9xc,UCGtjtVN_mw844xrKFxUs8JA,He also gave it a little bit of &quot;hmmf&quot;
smQNNo2a9xc,UCw3vS9o3McJHPPWIJC0lnlA,What a shame the way  the world has turned .
smQNNo2a9xc,UC3uq4bShWx5tGIJhAUnxTAg,Mario needs to free Luigi from prison. Way too many gold coins this way.
smQNNo2a9xc,UCE1gmDoqJFHexyZTZRC8K2w,"What&#39;s hilarious and scary is that this speech aired on fox Dallas ft Worth cuts to the audience, during this part, conveniently."
smQNNo2a9xc,UCNNxYyeM8PZrDHxRFXZSktQ,There&#39;s no excuse here to save him. I&#39;m deeply terrified.
smQNNo2a9xc,UCCw11UAu6lP4zsi1Ek9obJw,Wolfenstein becoming reality‚Ä¶ üò¢
smQNNo2a9xc,UCHZmn_4Vpeze2hV4O1AkuRA,"To any shitlords saying he was doing &quot;a roman salute&quot;<br>That&#39;s not how the romans saluted. To do a proper roman salute, you have your palm facing the floor, fingers outstretched, and then bring your hand to your chest, making a fist. AKA, the exact opposite of this.<br>Not that it matters because doing either is cringe at best"
smQNNo2a9xc,UC3lrU56lLF5gHQuVYNavRzg,I think people are overreacting
smQNNo2a9xc,UCi1XGgoeIurMu0lWCsuKgUA,hly sht
smQNNo2a9xc,UCsXcp39WQ3QtApCcOnU_w_w,Der Fuhrer
smQNNo2a9xc,UCAgeSSK4hsrcNg-0iv2myiw,This person is offending and attacking a large part of the world&#39;s population!!!
smQNNo2a9xc,UC_qrNNh5_-yFULcm1rkyIng,Wow! What this guy will do to Palestinians. I wonder ...
smQNNo2a9xc,UCNek_FyTPZaeI8gKkw8lp1g,"Didn&#39;t Trump say it&#39;s the death penalty for all anti-Semites? To my friends, anything, to my enemies, the law."
smQNNo2a9xc,UCfXxwjzgV3ToQmsfTpDtirw,FROM HIS HEART TO THE PEOPLE - THERE IS NOTHING MORE TO IT !!  &#39;MY HEART GOES OUT TO YOU&#39;  Mr Elon Musk clearly states full of gratitude.
smQNNo2a9xc,UCS5Cbpl6Yn2uyDigvZ3wITg,Rocket Man üöÄ
smQNNo2a9xc,UCwcKjrnMcEpKhR_JGko1Wfw,"He was throwing his heart you nitwits. The man is socially awkward, pretty harmless."
smQNNo2a9xc,UCX5lzb6OyCNzDQ2EjiRtrvQ,Oh we&#39;re supposed to be surprised the apartheid South African son of emerald mine owners is a racist?
smQNNo2a9xc,UCMAX7l1uV-RdRDBktH1dEgw,He even made a wagon for the people like ol adolf?
smQNNo2a9xc,UC-6kBE6hh2wLiEYrcDSrXtQ,Ouch....
smQNNo2a9xc,UCI3eKqi3bz6Jn5QaUNPkbBQ,ÏïÑÎãà ÏñòÎäî Ï∂§ÎèÑ Ïù¥ÏÉÅÌïòÍ≤å Ï∂îÎäîÎç∞ ‚Ä¶ Î™∏ÏßìÏù¥ Ï†ïÎèàÎêòÍ≤å ÎÇòÏò§Îäî ÏÇ¨ÎûåÏù¥ ÏïÑÎãò „Öã„Öã„Öã„Öã„Öã„Öã
smQNNo2a9xc,UC1O0ogWFGyKZ7hXHXECbSjQ,"The left really is in shambles. If you still consider yourself a leftist, please come over to the side of sanity and common sense. You will be welcomed and loved.<br><br>Also the Guardian is complicit in the cover-up of gang r*pe in the UK. They are not journalists."
smQNNo2a9xc,UCSoWKKwe2PFHTkVH-T-JVcg,Leftist are too easy to troll. It‚Äôs called a Roman salute
smQNNo2a9xc,UCQMj8nQ6D4nlnvMGbacVZ4A,I knew this going to happen.The left and the democrat going bonkers with this.üòÖ
smQNNo2a9xc,UC2mYbthwpW2OTPgEHvThWTg,Musk remembered his youth in South Africa))
smQNNo2a9xc,UCoSLX0KH2DQS70arPtPuPSg,No. Its a thank you all from my heart. But the left sees what it wants to see.
smQNNo2a9xc,UC6ZsQhgTr0BEP2Nb3fEewEg,Greek-style yogurt tastes like Greek yogurt ü§£ü§£
smQNNo2a9xc,UCa1R6NjEoX_wnTkia96G64A,I salute this Man...üëã
smQNNo2a9xc,UCdtp8-aoKa9gIW3pCrKaOGQ,Surely the German people of 1938 saw the signs right?   <br>Elon - let me show you a sign real quick
smQNNo2a9xc,UCXm4aWFZmc67yWrCsQr-XlQ,My goodness! Left wing media will try anything to discredit someone they don&#39;t like
smQNNo2a9xc,UCl3yqhF3r7BQ9lHj3eXNRDg,"What a lot of rot cooked up by the demonuts! Anything these nutballs project is pure fantasy, and jealousy. Here in New Zealand we laugh at your hideous games."
smQNNo2a9xc,UCPXCWZevdSTkEfU-BQYJsDQ,&quot;Appears to&quot;<br><br>Say it like it actually is. He did the a HH salute.
smQNNo2a9xc,UCcmOTseFW2vzIPUy2bn8Caw,And they said we were overreacting. The left tried to warn people about this YEARS ago
smQNNo2a9xc,UC9xCXRGMWqJPBYM23nmzFXw,proof that some media outlets are designed to &quot;twist&quot; the truth.<br>Include the whole video - and the part where he says &quot;this is my heart going out to all of you.
smQNNo2a9xc,UCOasdudJFt1p3vbXwSv7BaA,&quot;Appears&quot;. If he was a German politician we&#39;d all know what that was. Why should we pretend we aren&#39;t sure because he&#39;s a pro- apartheid white South African?
smQNNo2a9xc,UCcn1-PWQGb-MfsmlhdwdD1A,‚ÄúAppears‚Äù
smQNNo2a9xc,UCx1gKrjg4tlJIZNRNcUThhg,I smell a deformation lawsuit.
smQNNo2a9xc,UCr0w3HBs3CcXdFAqQ2wBT9g,HailüòÇüòÇ
smQNNo2a9xc,UC2qUbIgn63VXD-yo4RKNyUg,I think he&#39;s practiced that a few times in the mirror...
smQNNo2a9xc,UCJ29geaAKZPBNR2xapw1skQ,He‚Äôs tossing heartfelt. I don‚Äôt see anything more than that.
smQNNo2a9xc,UCaqs2aVQO0sp7xOpYtJK6Qw,I lost all my respect for this guy and what he represents
smQNNo2a9xc,UCEAd8KZqkiVmMIr3vH6ZtDw,Day 1
smQNNo2a9xc,UCNTSWPoLzzBphtzvkEoy66A,I love Mario brothers‚Ä¶
smQNNo2a9xc,UCJ_XzhMtoDG2fzFl2SBLbGg,The long arm of the Israeli special forces can certainly reach Elon Musk just like they did inside of Iran.
smQNNo2a9xc,UCEqERKrCnf7TLX8_dvErMBw,He says my heart goes out to you nothing more
smQNNo2a9xc,UCRIA4LHCYilmUgLz2t2g1bg,"Omg it‚Äôs a gesture of what he‚Äôs saying, ‚Äúmy heart goes out to you,‚Äù üôÑ"
smQNNo2a9xc,UCHJTfSsv2QHCMnr-xUa6EAw,"So sad, being the most wealthiest person in the world and having to be like this."
smQNNo2a9xc,UC0uTwz6IyxIa1fwHuWhHOQw,it only &#39;appears&#39; cause a rich white man did it....had any johnny nobody made this sign in support of palestine (for some reason) they would have been lambasted. But white men can do whatever they want
smQNNo2a9xc,UChKhKxJcsCnCLI89uaei6ow,Wow! Just Wow!  A whole new low.  Never thought the US political establishment could hit a new low.  2 to 4 more years of this?
smQNNo2a9xc,UC4yr2lffpztwG6PvSStvEbA,And to think people actually voted for all this...ü§£
smQNNo2a9xc,UCOgumBcFUvCHQy57EjXL1GQ,Appears üòÇüòÇüòÇüòÇ
smQNNo2a9xc,UCV1PCHdfyuDOXhlMw8D9OTQ,I can‚Äôt stand the man but I‚Äôm not 100% convinced. I think it was a lack of awareness in the moment. But I totally agree that the optics of it are terrible.
smQNNo2a9xc,UCxje7SRyOejQFTZNwsi0tBQ,"MAGAts are trying very hard to suggest that it was not a national salute, but if it walks like duck, quacks like a duck and looks like a duck....."
smQNNo2a9xc,UC_qP4ONblsg5S96mFckcU4Q,HERO OF TODAY:
smQNNo2a9xc,UCZqW0SsP00qahQ7dcJLX5WQ,Bahahaha I love it
smQNNo2a9xc,UCMOdRKvjsqs1XOwcZoVhdUg,Hahahahaha!!!!! Oh my gosh you Leftists are just out of your minds loony!!!! Wow. You people are nuts.
smQNNo2a9xc,UCcJFDEDPJ6teUIo_fHS6ekA,&quot;Appears&quot; üòÇüòÇ America is a joke
smQNNo2a9xc,UC19-KFmQKu8Ep91CYhwDdlg,"This explains everything... His posts on Twitter were enough to understand that these gestures are not a joke.<br>(P.s. I wonder if he would have been brought to justice for this in Germany ?)"
smQNNo2a9xc,UC1QaBmekGTtQyJXHk1LQyrA,"you never bothered posting the photos of Obama, Hillary, Harris, having the exact same arm/hand gestures while addressing a crowd.  And it‚Äôs easy to find to counter this nonsense      .   Because this is (D)ifferent, right? <br>‚ÄúReporting‚Äù like this is what got him re elected.  <br>Half truths and pretending to be journalists is worse than lying.   <br><br>Thanks for nothing."
smQNNo2a9xc,UCKD8KKiY-aXMTyJASimHOwA,Not even fox news could defend this one
smQNNo2a9xc,UCZWpJUjWDkiKx9fEixhotOw,Did the nonce even think that was subtle?
smQNNo2a9xc,UC-NC1e6zLBPH02vHEgjPFtQ,Money is the route of all evil. Made up billionaire. Evil prevails.
smQNNo2a9xc,UCzQxh9srXbVgO6rtaGBzeNQ,Looked like a side dab to me
smQNNo2a9xc,UC9gFbOjX-29RM1rXdLwolZw,Guardian already back to making up things and inventing context
smQNNo2a9xc,UC8NGmG8skpc1Xaocj7YeA6A,Might as well consider it as such
smQNNo2a9xc,UCHE-8OMHQbYUyQhld_G1H3g,Democracy is the weirdest thing that the quality of the people&#39;s choice always reflect on the quality of the people who voted.
smQNNo2a9xc,UCrotlmpzxuoQM7nkAdUU1Jg,He&#39;s literally saying &quot;That&#39;s me going up in my next rocket to the moon and will not be back&quot;.
smQNNo2a9xc,UCh7Ek2PH7wtnHe0ATBfGpkA,A racist south African...say it isnt so.
smQNNo2a9xc,UC5-gQ3UUWCd7SWKy8akHFxQ,He meant his heart goes out to you
smQNNo2a9xc,UCz2SaR_F1OeKoXRScW1J6sQ,Competent masculine men should become the ruling class again. It was the only time in western history when we have accomplished anything
smQNNo2a9xc,UCz2SaR_F1OeKoXRScW1J6sQ,We.Are.So.Back üíÖ
smQNNo2a9xc,UCECOywyeb2iM2yGM0Au1x1w,You all so much into bs! I hope he buy the guardian and close it
smQNNo2a9xc,UCgUMR11WPeWpmaUPanFVGdw,"Gaslighting, no Laser Lighting!"
smQNNo2a9xc,UCKpWaycf7mON5mzQySXPJzg,Mainstream media won&#39;t talk about it because they are all cowards.
smQNNo2a9xc,UCyQRiaQgXQyAk4OTaSEccLw,Pull the other one‚Ä¶! üòÇ
smQNNo2a9xc,UCdm_XfllDIdYkwRyNtrB50A,Jean-Baptiste Emanuel Zorg
smQNNo2a9xc,UCQXpe3xdcdqSavdGoPeeGIg,Their networth is going to triple or quadruple with this administration.  SEC won&#39;t even bother looking at market manipulation and insider trading since they now have their own people in Government. And even signing an executive order not allowing government to go after previous administrations. Wonder why.
smQNNo2a9xc,UCNXROoGedBdFp_xSZzXFudQ,Call it what it is cowards
smQNNo2a9xc,UCqrV5Vmh8izin52wKafTRUA,Ngl that looked pretty crazy fam ‚ò†Ô∏è
smQNNo2a9xc,UC0Agp-RfYsKNzSSt-NasSfQ,He did this salute twice! and it is not &quot;appears&quot;.
smQNNo2a9xc,UCvxJF-ZSabcsVh-YZr9_8wQ,All of you Ukrainian bots should do some homework on the salute your IQ is showing.
smQNNo2a9xc,UCvxJF-ZSabcsVh-YZr9_8wQ,Lol.  Hey news ppl.  Ur pathetic and ur profession is dead for those with an iq above 80.
smQNNo2a9xc,UCllkAFLtSTVmoDD7MdU4-Ww,Bellamy salute. Just old American tradition
smQNNo2a9xc,UCko1XnGl6NsnFxB2wjH7sEQ,"Dipshits! Since when does the wrong interpretation of a gesture define a man. Shouldn&#39;t it be that man has something to do with the meaning of the gesture. Y&#39;all nitwitts got it backwards and I have to wonder why. He is giving a Roman salute as if to say from my heart to yours ... AS HE SPOKE IT! You leftists seem to have a hard time being real as if you are afraid of the truth. Y&#39;all love to shun, deny, or otherwise disrespect logic!"
smQNNo2a9xc,UCmAwpG4QR8tMprhuXIzC2Hw,THIS SHOLD BE BREAKING NEWS ON ALL NEWS MEDIA!!!!!!!!!!!
smQNNo2a9xc,UCqegi4-Jy8FShOQwcOqKJGw,"Trump admitted to having Elon tamper with vote counting machines in his speech yesterday,  this is a way to distract from that."
smQNNo2a9xc,UCX37nGheaebNfxcsO6KLe9w,Immigrants
smQNNo2a9xc,UCmrrD7xRDq9AY4zmyYdDOtw,We are so back!!
smQNNo2a9xc,UCmdF941XkK6Z8GAKoe6mf9w,"This is a &quot;from my heart to yours&quot; gesture. FFS if you libs are so worked up already, how will you survive the next 4 years?"
smQNNo2a9xc,UCmrrD7xRDq9AY4zmyYdDOtw,‚úãüèª
smQNNo2a9xc,UCm1AzOxi1cmjltWa8pBYc9A,appears to? it looks like hitlers by coincidence The Guardian?
smQNNo2a9xc,UCZS5bpNwHlYNRSGl6-DZ8hA,Who had President Musk admitting to being a nazist for 2025?<br>I know I sure didn&#39;t. Even if not a fan.
smQNNo2a9xc,UC8LVArGXFkd2NTpWFGmJEaA,"Luigi, step up"
smQNNo2a9xc,UCxdnvoREwo0U6RxTH5NfHFw,Musk has been telling everyone what he is and now people are shocked?
smQNNo2a9xc,UCbjtEczqPD2cQE5RcSgyLNw,And there it is!
smQNNo2a9xc,UCD4nRs_m7qllhlwJSbGb1mQ,He thinks hes German
smQNNo2a9xc,UCNcS2ez5jiT_Xh4KBifBafg,The mask is off
smQNNo2a9xc,UCtSI1Y2OM5alQeM6gH6YUbQ,"gesture is creepy.... but hay... He is on fire with happiness, overwhelmed, and he carries his heart on his sleeve. Although this is a bad gesture, he meant he loved everybody"
smQNNo2a9xc,UCRbxjPPgN-225KR_bAmkjlA,Out of context ü§£ü§£
smQNNo2a9xc,UCdpz9KE5BzTFYuzzkuJJlsw,When you read one page of Mien Kampf:
smQNNo2a9xc,UCalh6KPE6wh2Y8rWwwb5BYw,Adolescent with ADHD
smQNNo2a9xc,UChNapCcDPJayhVEpSqljLPQ,He represents the system to the best of his ability
smQNNo2a9xc,UCv2SLPSjL_jW7GgWyAGGfDA,Nah I saw the way he‚Äôs dancing wasn‚Äôt intentional he‚Äôs just very autistic.
smQNNo2a9xc,UC5BuoRUh1vPLzlhj_sUZR5w,You guys are dumb!!
smQNNo2a9xc,UCJEeiv9FZY8S40iBn0gdXFA,It&#39;s meaning was not what your dark pervert nazifantasies wanted it to mean.
smQNNo2a9xc,UCzDL4uSWEt1t0Hh6_FvDqqg,"Elon Musk accidently makes a salute similar to that one salute, and now the media is going after him."
smQNNo2a9xc,UC2sqbT1aT406PPOdMKoQOgg,were cooked
smQNNo2a9xc,UCdIs59CoLj4jxQQCqnZlVLA,Drunken ü§°
smQNNo2a9xc,UC5TX1MUD9XO0a7vRT8qufMw,thad dumpy sound he made
smQNNo2a9xc,UCcd5b0J-wHUyrSLBdn6F4aA,"Se tu dall&#39;altipiano guardi il mare,<br>Moretta che sei schiava fra le schiave<br>Vedrai come in un sogno tante navi<br>E un tricolore sventolar per te.<br>Faccetta nera, bell&#39;abissina"
smQNNo2a9xc,UCpKYK9s3r17boU0zN25BlwA,JAWOHL KAMERADEN!!!! STRAMM GESTANDEN!!!!
smQNNo2a9xc,UCWRs1lL03ZaVtJkDFRoCH3Q,It would be interesting if someone with a clinical background could take a look at some of the footage and comment on his state of mind this day and possibly give an opinion whether he was &#39;artificially stimulated&#39; this day... he looks smashed in some of the days footage.
smQNNo2a9xc,UCxm3Tw2uAVER--PHq-qXR7g,Oh no. Is Elon Far Right now üòÇ
smQNNo2a9xc,UC1TobA7jAh1PaubCk2AI1JA,It‚Äôs called Ballamy Salute..  It‚Äôs Roman..  We use it in the Predge Of Allegiance which is every morning in schools.
smQNNo2a9xc,UCaRXFkqCEO_13-lcvuDLsCQ,Appears to? Cmon this is not appears to. This is doing it.
smQNNo2a9xc,UCTidNM_5yFWHD59_k91y4jQ,"Appears? It is. Stop giving him the benefit, we know what he is"
smQNNo2a9xc,UCvRkgYa5DRxtnVXhD7Y3LJw,This yall mansüòÇüòÇ
smQNNo2a9xc,UCBQK3BO9ZBwMQ10kO3d57kQ,"He prepared an alibi with that gesture, in my heart goes out to you üòÇ"
smQNNo2a9xc,UCjkz7x7-aUz3EQwDYttOnOw,"Hyperbolic hysteria. <br>Calm down, it&#39;s Nixon waving as he left the Whitehouse in 1974."
smQNNo2a9xc,UC4d4uEDXmYlbNTzevnFRnPg,"Well...he&#39;s right at home in that crowd, so why not?"
smQNNo2a9xc,UCMCqdTtWgby9jIGfM9sU7kg,W.P.
smQNNo2a9xc,UCrxLSrYs7FLwyBJTtZjOjUA,Is Don Duce Musk  in love with Meloni ? ü§î
smQNNo2a9xc,UCSn_VdUYG9OS9Znu6Y4nk_A,Guys yall are lookin too deep into what hes doing hes autistic and being silly and happy stop reaching for something that aint there
smQNNo2a9xc,UCdzwSqzjr25gtTVKbGnoi2w,I presumed it would be just a random freezeframe that looks like it. But no he just did it
smQNNo2a9xc,UCj5E6BvrH9hZ_1pyTW4xDaQ,‚ÄúMy heart goes out to you‚Äù ‚Ä¶.. yeah sure Elon! That‚Äôs what you meant
smQNNo2a9xc,UCocqa_inwWoFmzaXMFuvnQA,Yeah! No doubt! üò¢
smQNNo2a9xc,UCZX_RCaKJGuI7039nBE3-1g,"Guardian, never stop showing why they are really. We need brave and resistant journalists!"
smQNNo2a9xc,UCfWYut-tNaUDRaedc0fCcYQ,What Martians will see
smQNNo2a9xc,UC2L0Az5DicZZ22DKNzo3v8Q,it&#39;s roman salute not facist
smQNNo2a9xc,UCttUUKAlLihdXAoRXUS6yrg,He said thank you my heart goes out to you and clearly touched his heart with his had motion it outwards as in my heart....goes... out ... to.... you
smQNNo2a9xc,UCyc7IpS3sRu8BsryH5tbWDQ,He‚Äôs a pendejo
smQNNo2a9xc,UCFlZVn7UJg5PSR9p-qi5s4Q,On Martin Luther Kings Day.... Jeeeeeez how far our America has fallen.
smQNNo2a9xc,UCM54_paXVLSBFQO5lUVdZog,Not surprised. Capitalists and fascists have deep historical ties.
smQNNo2a9xc,UC7bgJShotsJDaNyANa7gj3A,Get him behind bars. F*<b>***</b> disgrace to humanity.
smQNNo2a9xc,UCy0hX8fc_pu-WOTgkGtze5w,People show you who they are if you listen and observe.
smQNNo2a9xc,UCMmJnDlwgtsaXnu_ISKlmvA,Many black people voted for Trump. Go figure.
smQNNo2a9xc,UCA_dstaCwlBLd0VvxjbJgQw,Clicked his heels too
smQNNo2a9xc,UCp1JJlj1a1UFBfkWiKKRK_A,Appears? We all know what that was
smQNNo2a9xc,UCr74R5gbPJFOt69rS94pckQ,Appears???
smQNNo2a9xc,UCGiFu5TcwnXH-IM0ZU13cUQ,"Wow, he finally did it"
smQNNo2a9xc,UCuToX0OhXx4xVk6N021uKLQ,Elon said he was giving his heart to the crowd while talking about how much love and gratitude he had and then made this gesture with his hand from his heart to the crowd.
smQNNo2a9xc,UCwQnW2o2A6v-5kShSI9UZzg,The ‚Äúguardian‚Äù is really scraping the bottom of the barrel for things to be outraged about üòÇ
smQNNo2a9xc,UCQQEXSQJEZSTu6y3XXhYAEw,Love Trump<br>Love Musk<br>‚ù§‚ù§‚ù§‚ù§‚ù§
smQNNo2a9xc,UC0mXAwDFsQDobtrSXZcJhew,3 hours into the presidency bro calm down üíÄ
smQNNo2a9xc,UCAGwqg2tTKMQ9UFNrQCEC2g,I remember when a Guardian reporter tried to hire a hitman to unalive a British politician and his children .The Guardian in the UK is only read by  halfwits...
smQNNo2a9xc,UCK_a2UBK_JBFARB6uPgYI2Q,"Iam regretting voting for Trump, and its been only 5 hours"
smQNNo2a9xc,UC352r1bTzOBiW0qNDIB3Emw,&quot;appears&quot;
smQNNo2a9xc,UC5NF6d4T8vtUc8o28XwYyyw,üòÖ oh no
smQNNo2a9xc,UCvIWocos--lduzaZbOjH2uQ,&quot;appears&quot;?????
smQNNo2a9xc,UCNqO_yD2kC9mIo1JAGddo2g,"Americans voted for this bipolar pair Trump-Musk. So it is ok. Provide yourself with popcorns, dudes."
smQNNo2a9xc,UC5xXjMkuXSII2unMMzUW7QQ,You just lost my viewership
smQNNo2a9xc,UCXoMjjuK2ck4G6KutBJ3hXQ,Hes literally putting his heart out there
smQNNo2a9xc,UCvvtF51oitjQqWugeB9_mPg,"Wall Street journal, sky news, Fox News, cut this part."
smQNNo2a9xc,UCuwCePo4JciCmuaQ63VMRKw,"The guy has autism guys, give the man a break.... he obviously didn&#39;t mean it that way. This is someone whose visited and supports Isreal."
smQNNo2a9xc,UCAGwqg2tTKMQ9UFNrQCEC2g,So a side ways Usain bolt gesture is now facist. Its no wonder in the UK the Guardian is classed as a joke sheet for inbreds
smQNNo2a9xc,UCk6WlOrn1nQkSlAvynTC4Hw,He‚Äôs trolling the left and all you bedwetters fell for it. üò¢
smQNNo2a9xc,UCIg0zAAxKyOPMmS0MF3qX9w,"Behold, the world&#39;s reichest man"
smQNNo2a9xc,UCZDqt2ES-HmJCEk6ISWZ_8Q,&quot;funny&quot;meme mans final form
smQNNo2a9xc,UCY_KDZAEDfI_2m_515DAXIQ,Haha he is a wind up isn&#39;t he. Guess some fall for it.
smQNNo2a9xc,UCglwvbe28vrOCVdLgxRUsGg,lol.  Liberals will take anything and make it something.  Especially if they don‚Äôt like you.
smQNNo2a9xc,UCGsoDAb962UofUl8oXnmxYg,üòÇüòÇüòÇ
smQNNo2a9xc,UC_VYQlX36XR-qu6fk2mtQRw,YIKES
smQNNo2a9xc,UC3zE8w2np8BgLc_feVS4scg,&quot;Appears&quot;
smQNNo2a9xc,UC_iufNX0AIKtB4B9Fjut1gQ,Wow.
smQNNo2a9xc,UCbO1w5fIxn2ZCG5OOJXIhqA,America‚Äôs reichiest man
smQNNo2a9xc,UCfIuaOMKaR-eX5i_KYgvWqQ,O he &quot;appears&quot; to do so you think YOU THINK???
smQNNo2a9xc,UCnFG2CPFcsGaT8tczxk4OOA,I love white media &quot;appears&quot;
smQNNo2a9xc,UCSHFfCK0qEJB5duvdbcklPA,The Greatest Generation would be displeased. Why do we have to keep fighting with these people and their failed ideology.
smQNNo2a9xc,UCK6HLosSPuC3eUjwzWNMBwA,Behave lol he was signaling flying to the stars and Mars!
smQNNo2a9xc,UC93gx7ybhnMFc3W7W_DsbgA,&quot;Appears&quot;? Nah he DID IT
smQNNo2a9xc,UCpAmTYZnbXVHaGRHwFwl6Hg,"Unequivocally, I recommend people to stop purchasing his products and services. If you are employed by his companies, I strongly encourage you to consider resigning and seeking a more ethical workplace."
smQNNo2a9xc,UCwkC7OgFDoIc0x3QRo30oog,The sound of The Guardian scraping the barrel for something to cry about.
smQNNo2a9xc,UCjOmEX_w_wZ434Lbe6VDRhA,There is no issue with deep fakes. Truth is far more dire...
smQNNo2a9xc,UCQGIJaT9DIfax_Fuc_T5VcA,I move travelled this whole world of ours from Barnsley to Peru<br><br>I‚Äôve had sunstroke in the arctic and a swim in Timbuktu<br><br>I‚Äôve seen unicorns in Burma and a yeti in Nepal<br><br>And I‚Äôve danced with ten-foot pygmies in a Montezuma hall<br><br>I‚Äôve met the <b>king</b> of China and a <b>working</b> Yorkshire miner<br><br>But I‚Äôve never met a nice‚Ä¶
smQNNo2a9xc,UCrnIVldGL2u3ITE0n5XlvqA,The Emporers new genius.
smQNNo2a9xc,UCcokbgGzGxtsBH6c2wRWdkA,Elolf Mittler
smQNNo2a9xc,UCxz1ZyE9Tz9lO1vMcPoFQdw,I can&#39;t believe how far my country as sunk. How TF did we get here? I don&#39;t know how we fight back to save our democracy.
smQNNo2a9xc,UCCHt-GgEbG4CyG0rYCyUusQ,An American generation fight to the death with these types of people.         <br>I don‚Äôt see why that has to change
smQNNo2a9xc,UCp5ijQ-sY_l0Q4qome_EPhw,You see this is the type of animals you have running the country
smQNNo2a9xc,UCjsC6NVL3JIP5khh0qPkzXg,And FOX-News cut it out. On each of their channels.
smQNNo2a9xc,UCyBGR5dfMu1C5Z904Ag5AGQ,DISGRACEFUL TO THE US
smQNNo2a9xc,UCAnqtSesshaiMQFidoUhQ4g,So sad yet so cringe and pitiful
smQNNo2a9xc,UCS4ZbEJE2K0TShVe3P_FrxA,This is how it begins
smQNNo2a9xc,UCaaXcf82ULg7icNSUjV8mEg,What do you mean &quot;appears&quot;?
smQNNo2a9xc,UC78D7SJjW3osYq4VMm-w2qA,üòÇ no way! That‚Äôs the South African salute..
smQNNo2a9xc,UCT__TZdVUy-tLDnjip55ldg,"&quot;We&#39;re going to take DOGE to Mars,&quot;  ???"
smQNNo2a9xc,UCtCh_QuU6nGu9fkf274eA4A,Sig hill‚ù§
smQNNo2a9xc,UCwrHIGBzFQMOY8B-Gc1MQTg,Oh yeah we are so doomed must be a far left running this channel let me unsubscribe
smQNNo2a9xc,UCeuz287HRRAMiaa_Mjj4wUA,What a dou che man
smQNNo2a9xc,UCbhuUQigEgkQtRE2Khf01Rg,"Guys, it seem like the Roman salute because he put his right hand on chest before raising his right arm"
smQNNo2a9xc,UCL_4P6n4iFinwf2Dx9m0A_A,Where&#39;s Luigi?
smQNNo2a9xc,UC_VeTvvIZOHSlMTEjK9DHTQ,we do love the continued stoking of the Guardian
smQNNo2a9xc,UCEtDuNIPyhNejdOZ84o7yCw,Anti Rep Propa Begins
smQNNo2a9xc,UCoBC9CHC7PZFIJMWzxsV_xw,&#39;Appears&#39;
smQNNo2a9xc,UCMNQhjnfla45FUkwoZwVEDA,More disengenuious reporting..Shame.
smQNNo2a9xc,UCCm51JUPqqkqfQbT-HcHSZA,There you have it folks. Goebbels is back and is calling himself Musk
smQNNo2a9xc,UCjsC6NVL3JIP5khh0qPkzXg,"Well, at least the USA is getting what it voted for. <br>What a shame. A new low."
smQNNo2a9xc,UCLmORKgZHX-etCfSeLW-9kg,Doesn&#39;t only &quot;appear&quot; to fyi
smQNNo2a9xc,UCx5UgV2lDObtenXDtxKL52w,Quit it with the nonsense already. What the f**k is a ‚Äúfacist‚Äù style salute? Let it rest so we can move on.
smQNNo2a9xc,UCiCx1_3cmF30kA4-Hasv3JQ,What a tube! 4 years of chaos that someone will spend decades fixing.
smQNNo2a9xc,UCMIe3J8Bj31eAjc2qFjPT4g,Off to Mars. One-way ticket üöÄ
smQNNo2a9xc,UCS6MLb1g8ee3TxNXrw07QJQ,People are ridiculous he said my heart goes out to you.
smQNNo2a9xc,UCQXn4h7fhcXDJH6equGTPPg,White boy summer
smQNNo2a9xc,UC3m2koC8aKAfmPSUD-rEt2g,"So, what&#39;s the excuse now? Did he do it wrong so it doesn&#39;t count, is it AI, is it TDS, is it a joke to trigger the libs, was the Sun in his eyes, did he play too much HOI4, does it just not matter? What are we going with this time?"
smQNNo2a9xc,UCqjVcZx81l7kKe4tCq21ztw,üíîüíîüíîüíî
smQNNo2a9xc,UCEnOP2KR6JvCwMStOAkFzhg,Elmo musk is an embarrassment üòÇ
smQNNo2a9xc,UCNdgyYd81BEIAPwRBiTAnDA,No wonder why it&#39;s called &quot;X&quot;
smQNNo2a9xc,UCQZjJmXwu6fqyKUA7debphg,Billionaire opportunist using the orange one for financial gain (after buying two hundred million in votes.)  When is it enough money? Never for the greedy ones.
smQNNo2a9xc,UC0FD6bjkQw1L12L9d_WGs6g,Man with mustaches is back
smQNNo2a9xc,UCtaL-znnN1PRNf3mjSIZSrA,"Lol, after this gesture he said my heart goes out to you.. its a gesture of his heart goes out to the people.. common sense"
smQNNo2a9xc,UC_vAn37P9zh3oFM1pt4jo1g,No ...he didnt
smQNNo2a9xc,UC7DfnnfHRGnQ6B9W9QfCYnw,does he think his heart is in his shoulder?
smQNNo2a9xc,UCYlMpHBIhmk039IaFpQVJtA,Cringe as f. Send this guy to Mars. So annoying
smQNNo2a9xc,UCT9EG0fDvWOB_IrjmGnqlFw,Elon Musk went from ‚ÄúDo we live in a simulation?‚Äù to becoming the proof that we live in a simulation.
smQNNo2a9xc,UCzShOMrNUOKy3Pb97Os3rFQ,We‚Äôre so back
smQNNo2a9xc,UC5_pLNSHaa-iGH_wjSo6BmQ,A true patriot. Thanks Elon
smQNNo2a9xc,UCgONatZnATLOKJOr-m_43dw,"This guy is not only extremely bizarre, but he is frankly ultra weird. His kids hate him, his native country hates him, and half of the US hates him. Also, he hates immigrants but is one. One deeply divisive and dangerous individual"
smQNNo2a9xc,UChKHWZ6fSh2LYskVpHfcx8w,He&#39;s such a pea-brained dweeb.
smQNNo2a9xc,UCxHIabZqIk9D0Yv8NpaWWAQ,And so it begins in earnest and in the open. They no longer feel the need to hide it. A dark day for the USA and the world at large.
smQNNo2a9xc,UCI0uX1cmcSxAExeGfHNDaUg,üëπüëπüëπüëπüëπ
smQNNo2a9xc,UCtZ-n6LD9DNrSnp1C3mquCQ,Surprise!!!
smQNNo2a9xc,UCLZmn7aGIwWgqgw6HvMO9sg,These people at NUTS!!
smQNNo2a9xc,UCIxbU-lShOx_QOAA1DsuXeA,No surprises here.
smQNNo2a9xc,UCR1ST3v1Mb7gwg1dtSZq0-g,Yep he did
smQNNo2a9xc,UCl1QvntEHrFziaGdAmPbGxQ,ü§Æü§Æü§Æ
smQNNo2a9xc,UCb9qgSBS6Tu-FmOGDonBU9Q,ü§Æ
smQNNo2a9xc,UCwNSQq9GOOGzF-AE9BSOOeA,"Most of the World wants to say F U Elon!! You Just Helped Destroy America for your ‚Äúbuddy‚Äù Putin, your Traitorous SLIMEBAG!"
smQNNo2a9xc,UCV4Bwd1jNMSEPwHVRUjrzOQ,"UsA on free falling<br>Don&#39;t forget that even before WW2 there were nazists in the US., gathering in MSG etc (google it)"
smQNNo2a9xc,UCoBOXa94R7xqmPC_O9l6DkA,"World goes crazy, these people are evil"
smQNNo2a9xc,UC8HmRcsoXldiE-rE3mn7QoQ,I predicted there would be swastikas at the inauguration.<br>I wasn‚Äôt far off.
smQNNo2a9xc,UCzkMPnedRxWURF6anK7D1Uw,What can save the U.S! Civil war?
smQNNo2a9xc,UCXvGqFEFPHl3F4iUe4mq9ig,Disgusting human
